id,created_by,suite,checkin,checkout,adults,children,totalPrice,roomSelected,isApproved,paymentStatus,description,price,fname,lname
71,31,6,4/1/2023,4/4/2023,1,0,60000,65,1,0,Family Suite,20000,Sasha,Brown
82,103,6,4/7/2023,4/14/2023,3,0,140000,59,1,1,Family Suite,20000,Ham,App
83,31,7,4/13/2023,4/19/2023,1,0,174000,60,1,0,Premium Suite,29000,Sasha,Brown
84,39,6,5/4/2023,5/9/2023,6,0,100000,73,1,0,Family Suite,20000,Peter,Jones
85,36,5,4/18/2023,4/21/2023,2,0,75000,67,1,0,Luxury Suite,25000,James,Kant
86,37,7,5/17/2023,5/21/2023,2,0,116000,23,1,0,Premium Suite,29000,John,Smith
87,41,7,4/28/2023,4/30/2023,1,0,58000,60,1,0,Premium Suite,29000,Chris,Brown
88,42,6,6/8/2023,6/12/2023,2,2,80000,73,1,0,Family Suite,20000,Emily,Rodrigo
89,43,7,5/9/2023,5/16/2023,4,0,203000,63,1,0,Premium Suite,29000,Michael,Shabalala
90,44,6,4/21/2023,4/23/2023,2,0,40000,71,1,0,Family Suite,20000,Jennifer,Dacis
91,45,6,4/26/2023,4/30/2023,1,0,80000,22,1,0,Family Suite,20000,Kevin,Miller
92,46,6,7/27/2023,7/30/2023,2,4,60000,62,1,0,Family Suite,20000,Laura,Smith
93,47,5,5/16/2023,5/19/2023,2,0,75000,61,1,0,Luxury Suite,25000,Marj,Thompson
94,32,7,6/14/2023,6/20/2023,3,0,174000,69,1,0,Premium Suite,29000,John ,Doe
95,39,7,8/18/2023,8/20/2023,1,0,58000,74,1,0,Premium Suite,29000,Peter,Jones
96,48,6,8/11/2023,8/15/2023,4,3,80000,59,1,0,Family Suite,20000,Caroline,Martinez
97,48,6,12/14/2023,12/19/2023,4,3,100000,71,1,0,Family Suite,20000,Caroline,Martinez
98,49,5,9/18/2023,9/22/2023,3,0,100000,18,1,0,Luxury Suite,25000,Joshua,Baker
99,50,5,7/21/2023,7/25/2023,3,0,100000,21,1,0,Luxury Suite,25000,Elizabeth,Jones
100,51,7,4/10/2023,4/14/2023,2,0,116000,74,1,0,Premium Suite,29000,Alexander,Robinson
101,52,5,4/12/2023,4/18/2023,3,0,150000,18,1,0,Luxury Suite,25000,Olivia,Morris
102,53,6,12/14/2023,12/19/2023,3,2,100000,62,1,0,Family Suite,20000,David,Hill
103,53,5,10/17/2023,10/21/2023,2,0,100000,64,1,0,Luxury Suite,25000,David,Hill
104,54,5,4/20/2023,4/24/2023,4,0,100000,67,1,0,Luxury Suite,25000,Hannah,Phillips
105,55,7,7/11/2023,7/15/2023,1,0,116000,74,1,0,Premium Suite,29000,Jason,Lee
106,56,6,4/11/2023,4/15/2023,3,4,80000,62,1,0,Family Suite,20000,Christina,Brown
107,57,6,6/27/2023,6/30/2023,2,2,60000,71,1,0,Family Suite,20000,Brian,Johnson
108,58,5,11/9/2023,11/12/2023,3,0,75000,19,1,0,Luxury Suite,25000,Ashley,Jackson
109,58,7,7/3/2023,7/7/2023,4,0,116000,69,1,0,Premium Suite,29000,Ashley,Jackson
110,59,7,9/11/2023,9/14/2023,2,0,87000,23,1,0,Premium Suite,29000,Steven,Mitchell
111,60,6,12/22/2023,12/26/2023,4,4,80000,68,1,0,Family Suite,20000,Amanda,Wilson
112,61,7,9/14/2023,9/17/2023,1,0,87000,63,1,0,Premium Suite,29000,Matthew,Davis
113,64,6,8/16/2023,8/21/2023,2,1,100000,65,1,0,Family Suite,20000,Daniela,Thomas
114,65,5,6/1/2023,6/4/2023,3,0,75000,61,1,0,Luxury Suite,25000,Lauren,Roberts
115,66,5,4/13/2023,4/16/2023,1,0,75000,67,1,0,Luxury Suite,25000,Nathan,Parker
116,67,6,12/14/2023,12/19/2023,4,4,100000,78,1,0,Family Suite,20000,Jessica,Walker
117,68,5,9/22/2023,9/24/2023,1,0,50000,18,1,0,Luxury Suite,25000,Erico,Rodriguez
118,69,7,7/13/2023,7/15/2023,3,0,58000,20,1,0,Premium Suite,29000,Allison,White
119,70,7,8/22/2023,8/26/2023,1,0,116000,74,1,0,Premium Suite,29000,George,Collins
120,71,6,8/16/2023,8/20/2023,3,5,80000,59,1,0,Family Suite,20000,Molly,Turnika
121,71,6,12/21/2023,12/26/2023,4,5,100000,78,1,0,Family Suite,20000,Molly,Turnika
122,72,7,7/18/2023,7/20/2023,1,0,58000,20,1,0,Premium Suite,29000,Ethan,Adamsons
123,69,5,9/1/2023,9/4/2023,3,0,75000,67,1,0,Luxury Suite,25000,Allison,White
124,69,5,6/26/2023,6/29/2023,1,0,75000,18,1,0,Luxury Suite,25000,Allison,White
125,73,6,12/28/2023,12/31/2023,2,3,60000,78,1,0,Family Suite,20000,Layla,Mitchell
126,74,5,7/10/2023,7/13/2023,4,0,75000,61,1,0,Luxury Suite,25000,Patrick,Wright
127,75,7,10/26/2023,10/30/2023,2,0,116000,63,1,0,Premium Suite,29000,Victoria,Jones
128,76,7,6/8/2023,6/11/2023,2,0,87000,69,1,0,Premium Suite,29000,Nicholas,Roberts
129,77,6,8/24/2023,8/27/2023,4,2,60000,65,1,0,Family Suite,20000,Katelyn,Scott
130,78,7,4/20/2023,4/23/2023,1,0,87000,77,1,0,Premium Suite,29000,Justin,Martin
131,80,7,10/26/2023,10/29/2023,1,0,87000,74,1,0,Premium Suite,29000,Robert,Garcia
